{
  "train_loss": [
    0.26040093421936034,
    0.17678658723831175,
    0.15534138262271882,
    0.14300390422344209,
    0.13537196516990663,
    0.13190580099821092,
    0.13209448516368866,
    0.11998893707990646,
    0.12123883783817291,
    0.11511545538902283,
    0.11516708612442017,
    0.11386540979146957,
    0.11438570320606231,
    0.10857405424118043,
    0.1079992413520813,
    0.10808124154806137,
    0.10151365101337433,
    0.10734569668769836,
    0.10536197870969773,
    0.10433447986841202,
    0.10846814155578613,
    0.10331186234951019,
    0.10671441048383713,
    0.10012485176324844,
    0.10623540431261062,
    0.10205582976341247,
    0.10525496780872345,
    0.10812676548957825,
    0.10255859166383743,
    0.10330573230981827,
    0.09781613439321518,
    0.10158124208450317,
    0.10210450679063797
  ],
  "train_recon": [
    0.05751043274998665,
    0.050625901371240616,
    0.045924536734819416,
    0.03929101474583149,
    0.03757676728069782,
    0.035462134331464765,
    0.0357047163695097,
    0.0320947889238596,
    0.03298747569322586,
    0.031324947848916054,
    0.030835709869861602,
    0.032278097793459894,
    0.03316174440085888,
    0.029869947731494904,
    0.03091617874801159,
    0.031009992361068727,
    0.029444013610482215,
    0.032040341645479205,
    0.03126411028206348,
    0.029341069608926774,
    0.03218406029045582,
    0.029727209359407425,
    0.030963731333613395,
    0.029777973778545856,
    0.03335059769451618,
    0.030470430180430413,
    0.031686205342412,
    0.03307324200868607,
    0.029991102889180183,
    0.03017162598669529,
    0.028439448699355125,
    0.03067216619849205,
    0.03012481302022934
  ],
  "train_kld": [
    1.2341524600982665,
    0.52270982503891,
    0.4545074224472046,
    0.4589780294895172,
    0.4430130422115326,
    0.45017507433891296,
    0.44838900446891783,
    0.43279207825660704,
    0.41713484764099124,
    0.39289340257644656,
    0.3940400779247284,
    0.3708785843849182,
    0.3599646759033203,
    0.344600750207901,
    0.34526237964630124,
    0.3365923357009888,
    0.30177724719047544,
    0.2934887135028839,
    0.3020267295837402,
    0.3154454159736633,
    0.3120253217220306,
    0.3114754271507263,
    0.30461452960968016,
    0.2999839913845062,
    0.2748579430580139,
    0.28536479830741884,
    0.2931726920604706,
    0.29152175426483157,
    0.28847410321235656,
    0.2971022152900696,
    0.28649189591407775,
    0.27849077343940737,
    0.28207424998283387
  ],
  "train_group": [
    0.0794752524793148,
    0.07388970226049424,
    0.0639661031961441,
    0.05781508669257164,
    0.05349389284849167,
    0.05142615765333176,
    0.0515508671104908,
    0.044614939391613005,
    0.046537875831127166,
    0.04450116589665413,
    0.044927365928888324,
    0.04449945166707039,
    0.04522749051451683,
    0.04424403056502342,
    0.0425568225979805,
    0.04341201595962048,
    0.04189191184937954,
    0.04595648318529129,
    0.04389519467949867,
    0.04344886846840382,
    0.04508154764771462,
    0.0424371100962162,
    0.04528922468423843,
    0.0403484782576561,
    0.045399012938141824,
    0.04304891996085644,
    0.04425149291753769,
    0.04590134777128697,
    0.04372007742524147,
    0.04342388391494751,
    0.04072749570012093,
    0.04305999852716923,
    0.04377226866781712
  ],
  "train_categorical": [
    2.3995401000976564,
    2.2981412696838377,
    2.3654898405075073,
    2.3481559801101684,
    2.281541290283203,
    2.318209881782532,
    2.2210564947128297,
    2.243214821815491,
    2.3332393169403076,
    2.2580163621902467,
    2.314484281539917,
    2.4092407035827637,
    2.2854801416397095,
    2.4255605220794676,
    2.236729702949524,
    2.271318678855896,
    2.2788486433029176,
    2.3510083293914796,
    2.3177784729003905,
    2.3639317321777344,
    2.308591423034668,
    2.224329390525818,
    2.287245960235596,
    2.2497762203216554,
    2.281536717414856,
    2.343416576385498,
    2.25375497341156,
    2.25926908493042,
    2.3088121509552,
    2.2697714376449585,
    2.2877631282806394,
    2.2879798078536986,
    2.2831305837631226
  ],
  "val_loss": [
    0.1528039264678955,
    0.12293426930904389,
    0.11697928994894027,
    0.11823791980743409,
    0.0934996435046196,
    0.10996908277273178,
    0.10555432945489883,
    0.11025652289390564,
    0.09354647517204284,
    0.10928243160247803,
    0.1132330846786499,
    0.0932638567686081,
    0.08995438978075981,
    0.09433716356754303,
    0.09562732011079789,
    0.10193281888961792,
    0.11417286932468414,
    0.10146041631698609,
    0.11382461845874786,
    0.09340303540229797,
    0.10556445568799973,
    0.09107381135225295,
    0.12315369427204131,
    0.09883074432611466,
    0.10234871357679368,
    0.10601867198944091,
    0.10327731430530548,
    0.10244557857513428,
    0.10028545141220092,
    0.09916423827409744,
    0.09162859320640564,
    0.09619357496500015,
    0.10519803464412689
  ],
  "val_recon": [
    0.05908489592373371,
    0.048443050608038905,
    0.03950774684548378,
    0.04340152889490127,
    0.030724508687853813,
    0.03295958362519741,
    0.03414970627054572,
    0.032825022637844085,
    0.02774051919579506,
    0.03482289642095566,
    0.03700434744358063,
    0.028367221131920816,
    0.028462689127773045,
    0.029747947752475738,
    0.02984823554754257,
    0.03202676936984062,
    0.038520974218845365,
    0.031084651090204717,
    0.040402936041355135,
    0.028770731836557387,
    0.030908829346299172,
    0.026297097504138948,
    0.04152190670371056,
    0.030525315776467322,
    0.03143225029110908,
    0.03407927691936493,
    0.03221932217478752,
    0.03359887130558491,
    0.02887385368347168,
    0.029294974133372308,
    0.025357501059770585,
    0.02966915711760521,
    0.033620453774929046
  ],
  "val_kld": [
    0.10629022538661957,
    0.11737538605928421,
    0.26104980826377866,
    0.1616627836227417,
    0.22140076518058777,
    0.30421373605728147,
    0.22833703815937043,
    0.2891628110408783,
    0.2837061953544617,
    0.24778003513813018,
    0.25536807417869567,
    0.25836400389671327,
    0.24170787513256073,
    0.2503138107061386,
    0.27576166987419126,
    0.2640449464321136,
    0.2443429100513458,
    0.264302875995636,
    0.152147558927536,
    0.2493697625398636,
    0.33047364711761473,
    0.29185560703277585,
    0.25512534081935884,
    0.25907006919384,
    0.2819700884819031,
    0.25836422681808474,
    0.2650649046897888,
    0.26575947761535645,
    0.2681590104103088,
    0.27769793272018434,
    0.2692196822166443,
    0.2596033716201782,
    0.27032373666763304
  ],
  "val_group": [
    0.08309000715613366,
    0.0627536828815937,
    0.051366561353206636,
    0.05867011100053787,
    0.04063505813479423,
    0.04658811956644058,
    0.04857091762125492,
    0.04851521998643875,
    0.03743533626198769,
    0.049681530594825746,
    0.05069192871451378,
    0.03906023308634758,
    0.03732091013342142,
    0.03955783188343048,
    0.0382029190659523,
    0.04350155383348465,
    0.05121760547161102,
    0.043945476710796356,
    0.058206923604011536,
    0.0396953272819519,
    0.04160825900733471,
    0.03559115096926689,
    0.056119252443313596,
    0.04239842139184475,
    0.04271945737302303,
    0.04610297113656998,
    0.04455149829387665,
    0.04227076046168804,
    0.04459569811820984,
    0.04209947250783443,
    0.03934912621974945,
    0.04056408107280731,
    0.044545205235481264
  ],