{
  "train_loss": [
    0.812502236366272,
    0.5709577274322509,
    0.4637013733386993,
    0.4164374685287476,
    0.37060381054878233,
    0.36020150303840637,
    0.3391336905956268,
    0.3201240396499634,
    0.31200438141822817,
    0.28279656410217285,
    0.2728350758552551,
    0.2638474076986313,
    0.2551171624660492,
    0.2621081781387329,
    0.23838659822940828,
    0.23249590396881104,
    0.22934100270271301,
    0.22788279235363007,
    0.21033585250377654,
    0.20151661038398744,
    0.191988884806633,
    0.1865868490934372,
    0.17566846251487733,
    0.16505301535129546,
    0.16140476524829864,
    0.15765836894512175,
    0.15180208504199982,
    0.15461017668247223,
    0.14664533793926238,
    0.14953946232795715,
    0.15007418692111968,
    0.14122483193874358,
    0.14191353738307952,
    0.14421408236026764,
    0.1370418244600296,
    0.1392810022830963,
    0.13720226287841797,
    0.13507286190986634,
    0.13188960045576095,
    0.13116998910903932,
    0.1289567631483078,
    0.12647204220294953,
    0.1263093188405037,
    0.12384721487760544,
    0.1269194808602333,
    0.12185360670089722,
    0.12158224940299987,
    0.11946577668190002,
    0.1213355079293251,
    0.11985794842243194,
    0.11657130628824235,
    0.1158919295668602,
    0.11571267127990723,
    0.11417798399925232,
    0.11533299744129182,
    0.11490605890750885,
    0.11403953492641448,
    0.11040227711200715,
    0.112357519865036,
    0.11333051055669785,
    0.11033387273550034,
    0.11064653038978577,
    0.10977430015802384,
    0.10920977801084518,
    0.10876065135002136,
    0.10799749493598938,
    0.10650554031133652,
    0.10756863206624985,
    0.10762791216373443,
    0.10533639460802079,
    0.10661271929740906,
    0.10655154943466187,
    0.10426924467086791,
    0.10417097330093383,
    0.10647345721721649,
    0.10511156231164932,
    0.10574730038642884,
    0.10533399909734725,
    0.1032164540886879,
    0.10322194069623947,
    0.10420650362968445,
    0.10523040860891342,
    0.10349484801292419
  ],
  "train_recon": [
    0.08804950535297394,
    0.06768330886960029,
    0.048103431314229964,
    0.042683253288269045,
    0.03562080726027489,
    0.0325884623080492,
    0.030157242342829703,
    0.028663580194115638,
    0.025817931666970252,
    0.02234436832368374,
    0.01961950205266476,
    0.01826713893562555,
    0.016206900402903558,
    0.01999338135123253,
    0.01534023266285658,
    0.01452861774712801,
    0.016476815305650233,
    0.01426819033920765,
    0.012607090808451175,
    0.01188270065933466,
    0.010859688129276037,
    0.008752536047250032,
    0.007796258833259344,
    0.006756879352033138,
    0.0059116155002266165,
    0.005864187404513359,
    0.004591462118551135,
    0.00506014499347657,
    0.0044012339040637016,
    0.004892911920323968,
    0.005103892143815756,
    0.003655199925415218,
    0.0038932413049042225,
    0.003806441519409418,
    0.0032881218707188965,
    0.004089982495643198,
    0.003764530406333506,
    0.003805703460238874,
    0.003235545842908323,
    0.0032062184950336814,
    0.0029069564025849103,
    0.0029660693649202585,
    0.0029540329426527025,
    0.0027227070508524776,
    0.0032808743976056576,
    0.0025412439834326507,
    0.0025358126126229764,
    0.0024122072919271886,
    0.002679287218488753,
    0.00260948637034744,
    0.0023966231243684887,
    0.0023552659386768936,
    0.0024845065223053097,
    0.0022203527577221395,
    0.0020904510375112295,
    0.0021306286519393327,
    0.0021361269941553474,
    0.0019446143321692943,
    0.0019606783147901297,
    0.0019826803775504233,
    0.0019451557286083699,
    0.0020515486085787415,
    0.0018804217199794948,
    0.0018392467265948653,
    0.0016358812339603902,
    0.0019356423150748015,
    0.0017013145401142537,
    0.0015325430384837092,
    0.0017861470975913108,
    0.0016187138110399246,
    0.0015873362682759763,
    0.0014963092957623303,
    0.0014999300520867108,
    0.0015480532473884524,
    0.001604184377938509,
    0.0013391998200677335,
    0.0015189230139367282,
    0.0013025098969228566,
    0.0013840231508947909,
    0.0013207817799411714,
    0.0013683121115900575,
    0.0014233191567473115,
    0.0013476118724793196
  ],
  "train_kld": [
    12.737892189025878,
    6.453904132843018,
    6.036441154479981,
    5.146466789245605,
    4.693607635498047,
    4.7356938552856445,
    4.279594497680664,
    3.787857217788696,
    4.062032356262207,
    3.5499356842041014,
    3.716721658706665,
    3.4301655101776123,
    3.5355087757110595,
    3.0835232543945312,
    2.9314354610443116,
    2.8171256160736085,
    2.361529655456543,
    2.6019390392303468,
    2.2750178527832032,
    1.9932221508026122,
    1.8876248073577881,
    2.004767756462097,
    1.8125919818878173,
    1.5763066959381105,
    1.4915516090393066,
    1.4134753274917602,
    1.353511962890625,
    1.5038194751739502,
    1.184348587989807,
    1.1220910453796387,
    1.143313353061676,
    1.0298451566696167,
    1.0716034817695617,
    1.2096622800827026,
    1.000598828792572,
    0.9592708802223205,
    0.9069148230552674,
    0.8956642913818359,
    0.8578807997703553,
    0.8348013424873352,
    0.7786641144752502,
    0.7373310852050782,
    0.7818563461303711,
    0.7887704873085022,
    0.7846998047828674,
    0.7478980994224549,
    0.8290756940841675,
    0.760849118232727,
    0.7564314126968383,
    0.7480046415328979,
    0.7186524653434754,
    0.7325321865081788,
    0.6646982252597808,
    0.67388414144516,
    0.7622384667396546,
    0.7262303304672241,
    0.6532809829711914,
    0.6765242457389832,
    0.6761077404022217,
    0.6975605106353759,
    0.6242285966873169,
    0.6513924360275268,
    0.6402774453163147,
    0.6478205013275147,
    0.6166052997112275,
    0.5943192934989929,
    0.5845913791656494,
    0.5614301908016205,
    0.5861418008804321,
    0.5660065007209778,
    0.5699527180194854,
    0.597349829673767,
    0.5127736985683441,
    0.5458580482006073,
    0.5496276962757111,
    0.5626527309417725,
    0.5975446808338165,
    0.555361989736557,
    0.4945889711380005,
    0.5588058114051819,
    0.4933146607875824,
    0.5371371185779572,
    0.5405002796649933
  ],